{
	"55": "Netherlands",
	"56": "Philippines",
	"57": "United Kingdom",
	"59": "Belgium",
	"60": "Cuba",
	"62": "Colombia",
	"64": "Venezuela",
	"65": "Mexico",
	"66": "Bahamas",
	"67": "Costa Rica",
	"68": "Jamaica",
	"69": "Trinidad and Tobago",
	"6A": "Argentina",
	"6B": "Brazil",
	"6C": "Chile",
	"6D": "Congo",
	"6E": "Ecuador",
	"6F": "El Salvador",
	"6G": "Ghana",
	"6H": "Guatemala",
	"6J": "Honduras",
	"6K": "Hong Kong",
	"6L": "Iran",
	"6M": "Israel",
	"6N": "Yugoslavia",
	"6P": "Kenya",
	"6Q": "Lebanon",
	"6R": "Liberia",
	"6S": "Libya",
	"6T": "Malaysia",
	"6U": "Taiwan",
	"6V": "Nigeria",
	"6W": "Panama",
	"6X": "Peru",
	"6Y": "Zimbabwe",
	"6Z": "Thailand",
	"72": "Antigua and Barbuda",
	"75": "South Korea",
	"77": "Japan",
	"79": "Australia",
	"7A": "Denmark",
	"7B": "France",
	"7C": "Greece",
	"7D": "India",
	"7E": "Ireland",
	"7F": "Italy",
	"7G": "Norway",
	"7H": "Pakistan",
	"7J": "Portugal",
	"7K": "Singapore",
	"7L": "Spain",
	"7M": "Sweden",
	"7N": "Switzerland",
	"7P": "Turkey",
	"7Q": "Germany",
	"7R": "New Zealand",
	"7S": "Dominican Republic",
	"7T": "Saudi Arabia",
	"7U": "Zaire",
	"7V": "Yemen",
	"7W": "Haiti",
	"7Y": "Bermuda",
	"7Z": "Zambia",
	"81": "South Africa",
	"8A": "United States",
	"8B": "Canada",
	"8C": "China",
	"8D": "United Arab Emirates",
	"8E": "Algeria",
	"8F": "Austria",
	"8G": "Bahrain",
	"8H": "Barbados",
	"8J": "Bolivia",
	"8K": "Egypt",
	"8L": "Gabon",
	"8M": "Oman",
	"8N": "Nicaragua",
	"8P": "Kuwait",
	"8Q": "Guinea",
	"8R": "Indonesia",
	"95": "Foreign",
	"96": "Foreign - Not Otherwise Classified",
	"AA": "Albania",
	"AD": "Andorra",
	"AF": "Afghanistan",
	"AG": "Anguilla",
	"AI": "Djibouti",
	"AM": "Armenia",
	"AN": "Netherlands Antilles",
	"AO": "Angola",
	"AQ": "Antarctica",
	"AW": "Aruba",
	"BA": "Bosnia and Herzegovina",
	"BD": "Bangladesh",
	"BG": "Bulgaria",
	"BI": "Burundi",
	"BN": "Brunei",
	"BT": "Bhutan",
	"BV": "Bouvet Island",
	"BW": "Botswana",
	"BY": "Belarus",
	"BZ": "Belize",
	"CC": "Cocos Island",
	"CF": "Central African Republic",
	"CI": "Ivory Coast",
	"CK": "Cook Islands",
	"CM": "Cameroon",
	"CN": "Cayman Islands",
	"CS": "Czechoslovakia",
	"CV": "Cape Verde",
	"CX": "Christmas Island",
	"CY": "Cyprus",
	"CZ": "Czech Republic",
	"DM": "Dominica",
	"DY": "Benin",
	"EE": "Estonia",
	"EH": "Western Sahara",
	"ET": "Ethiopia",
	"FI": "Finland",
	"FJ": "Fiji",
	"FK": "Falkland Islands",
	"FM": "Micronesia",
	"FO": "Faroe Islands",
	"GD": "Grenada",
	"GF": "French Guiana",
	"GI": "Gibraltar",
	"GL": "Greenland",
	"GM": "Gambia",
	"GP": "Guadeloupe",
	"GQ": "Equatorial Guinea",
	"GW": "Guinea-Bissau",
	"GY": "Guyana",
	"HM": "Heard Island and McDonald Islands",
	"HR": "Croatia",
	"HU": "Hungary",
	"IO": "British Indian Ocean Territory",
	"IQ": "Iraq",
	"IS": "Iceland",
	"JO": "Jordan",
	"KG": "Kyrgyzstan",
	"KH": "Cambodia",
	"KI": "Kiribati",
	"KM": "Comoros",
	"KN": "Saint Kitts and Nevis",
	"KP": "North Korea",
	"KZ": "Kazakhstan",
	"LC": "Saint Lucia",
	"LI": "Liechtenstein",
	"LK": "Sri Lanka",
	"LO": "Laos",
	"LS": "Lesotho",
	"LT": "Lithuania",
	"LU": "Luxembourg",
	"LV": "Latvia",
	"MC": "Macau",
	"ME": "Montengro",
	"MG": "Madagascar",
	"MH": "Montserrat",
	"MI": "Marshall Islands",
	"MK": "Mongolia",
	"ML": "Mali",
	"MM": "Malta",
	"MP": "Monaco",
	"MQ": "Martinique",
	"MR": "Mauritania",
	"MU": "Mauritius",
	"MV": "Maldives",
	"MW": "Malawi",
	"MY": "Myanmar",
	"MZ": "Mozambique",
	"NA": "Namibia",
	"NG": "Niger",
	"NI": "Norfolk Island",
	"NK": "New Caledonia",
	"NP": "Nepal",
	"NR": "Nauru",
	"NU": "Niue",
	"PF": "French Polynesia",
	"PG": "Papua New Guinea",
	"PL": "Poland",
	"PM": "St. Pierre and Miquelon",
	"PN": "Pitcairn",
	"PS": "Palestine",
	"PW": "Palau",
	"PY": "Paraguay",
	"QA": "Qatar",
	"RC": "Morocco",
	"RE": "Reunion",
	"RO": "Romania",
	"RS": "Serbia",
	"RU": "Russian Federation",
	"RW": "Rwanda",
	"SB": "Solomon Islands",
	"SE": "Seychelles",
	"SH": "St. Helena",
	"SI": "Slovenia",
	"SJ": "Svalbard and Jan Mayen",
	"SL": "Sierra Leone",
	"SM": "San Marino",
	"SN": "Senegal",
	"SO": "Somalia",
	"SR": "Suriname",
	"SS": "South Sudan",
	"ST": "Sao Tome and Principe",
	"SV": "Sudan",
	"SY": "Syria",
	"SZ": "Swaziland",
	"TC": "Turks and Caicos Islands",
	"TD": "Chad",
	"TG": "Togo",
	"TJ": "Tajikistan",
	"TK": "Tokelau",
	"TL": "Timor-Leste",
	"TM": "Turkmenistan",
	"TO": "Tonga",
	"TP": "East Timor",
	"TU": "Tunisia",
	"TV": "Tuvalu",
	"TZ": "Tanzania",
	"UA": "Ukraine",
	"UG": "Uganda",
	"UY": "Uruguay",
	"UZ": "Uzbekistan",
	"VC": "Saint Vincent and the Grenadines",
	"VG": "British Virgin Islands",
	"VN": "Vietnam",
	"VS": "Vatican City State",
	"VU": "Vanuatu",
	"WF": "Wallis and Futuna",
	"WS": "Samoa",
	"XB": "Azerbaijan",
	"XC": "Moldova",
	"XG": "Georgia",
	"XH": "Slovak Republic",
	"XI": "Macedonia",
	"YT": "Mayotte"
}