{
  "0": "Fiume",
  "1": "AL",
  "2": "AZ",
  "3": "AR",
  "4": "CA",
  "5": "CO",
  "6": "CT",
  "7": "DE",
  "8": "DC",
  "9": "FL",
  "0d040": "Sachsen-Anhalt",
  "10": "GA",
  "101": "Hokkaido",
  "102": "Aomori",
  "103": "Iwate",
  "104": "Miyagi",
  "11": "ID",
  "110": "Akita",
  "111": "Yamagata",
  "11111": "Álava",
  "11112": "Albacete",
  "11113": "Alicante",
  "11114": "Almería",
  "11115": "Ávila",
  "11116": "Badajoz",
  "11117": "Illes Balears",
  "11118": "Barcelona",
  "11119": "Burgos",
  "11120": "Cáceres",
  "11121": "Cádiz",
  "11122": "Castellón",
  "11123": "Ciudad Real",
  "11124": "Córdoba",
  "11125": "Coruña",
  "11126": "Cuenca",
  "11127": "Girona",
  "11128": "Granada",
  "11129": "Guadalajara",
  "11130": "Guipuzcoa",
  "11131": "Huelva",
  "11132": "Huesca",
  "11133": "Jaén",
  "11134": "León",
  "11135": "Lleida",
  "11136": "La Rioja",
  "11137": "Lugo",
  "11138": "Madrid",
  "11139": "Málaga",
  "11140": "Murcia",
  "11141": "Navarra",
  "11142": "Ourense",
  "11143": "Asturias",
  "11144": "Palencia",
  "11145": "Las Palmas",
  "11146": "Pontevedra",
  "11147": "Salamanca",
  "11148": "S.C. Tenerife",
  "11149": "Cantabria",
  "11150": "Segovia",
  "11151": "Sevilla",
  "11152": "Soria",
  "11153": "Tarragona",
  "11154": "Teruel",
  "11155": "Toledo",
  "11156": "Valencia",
  "11157": "Valladolid",
  "11158": "Vizcaya",
  "11159": "Zamora",
  "11160": "Zaragoza",
  "11161": "Ceuta",
  "11162": "Melilla",
  "112": "Fukushima",
  "12": "IL",
  "120": "Ibaraki",
  "121": "Tochigi",
  "122": "Gunnma",
  "123": "Saitama",
  "124": "Chiba",
  "125": "Tokyo",
  "126": "Kanagawa",
  "128fb": "Thuringia",
  "13": "IN",
  "130": "Niigata",
  "131": "Toyama",
  "132": "Ishikawa",
  "132a3": "Bavaria",
  "133": "Fukui",
  "134": "Yamanashi",
  "14": "IA",
  "140": "Nagano",
  "141": "Gifu",
  "142": "Shizuoka",
  "143": "Aichi",
  "144": "Mie",
  "15": "KS",
  "150": "Shiga",
  "157": "Kyoto",
  "158": "Oosaka",
  "159": "Hyougo",
  "16": "KY",
  "160": "Nara",
  "161": "Wakayama",
  "162": "Tottori",
  "163": "Shimane",
  "164": "Okayama",
  "17": "LA",
  "170": "Hiroshima",
  "171": "Yamaguchi",
  "172": "Tokushima",
  "173": "Kagawa",
  "174": "Ehime",
  "18": "ME",
  "180": "Kouchi",
  "181": "Fukuoka",
  "182": "Sagaken",
  "183": "Nagasaki",
  "184": "Kumamoto",
  "19": "MD",
  "190": "Ooita",
  "191": "Miyazaki",
  "192": "Kagoshima",
  "193": "Okinawa",
  "1dc92": "Mecklenburg-Vorpommern",
  "20": "MA",
  "200": "Avon",
  "20036": "Rhineland-Palatinate",
  "201": "Bedfordshire",
  "202": "Berkshire",
  "203": "Borders",
  "204": "Buckinghamshire",
  "205": "Cambridgeshire",
  "206": "Central",
  "207": "Cheshire",
  "208": "Cleveland",
  "209": "Clwyd",
  "21": "MI",
  "210": "Cornwall",
  "211": "County Antrim",
  "212": "County Armagh",
  "213": "County Down",
  "214": "County Fermanagh",
  "215": "County Londonderry",
  "216": "County Tyrone",
  "217": "Cumbria",
  "218": "Derbyshire",
  "219": "Devon",
  "22": "MN",
  "220": "Dorset",
  "221": "Dumfries and Galloway",
  "222": "Durham",
  "223": "Dyfed",
  "224": "East Sussex",
  "225": "Essex",
  "226": "Fife",
  "227": "Gloucestershire",
  "228": "Grampian",
  "229": "Greater Manchester",
  "23": "MS",
  "230": "Gwent",
  "231": "Gwynedd County",
  "23137": "Schleswig-Holstein",
  "232": "Hampshire",
  "233": "Herefordshire",
  "234": "Hertfordshire",
  "235": "Highlands and Islands",
  "236": "Humberside",
  "237": "Isle of Wight",
  "238": "Kent",
  "239": "Lancashire",
  "24": "MO",
  "240": "Leicestershire",
  "241": "Lincolnshire",
  "242": "Lothian",
  "243": "Merseyside",
  "244": "Mid Glamorgan",
  "245": "Norfolk",
  "246": "North Yorkshire",
  "247": "Northamptonshire",
  "248": "Northumberland",
  "249": "Nottinghamshire",
  "25": "MT",
  "250": "Oxfordshire",
  "251": "Powys",
  "252": "Rutland",
  "253": "Shropshire",
  "254": "Somerset",
  "255": "South Glamorgan",
  "256": "South Yorkshire",
  "257": "Staffordshire",
  "258": "Strathclyde",
  "259": "Suffolk",
  "26": "NE",
  "260": "Surrey",
  "261": "Tayside",
  "262": "Tyne and Wear",
  "263": "Warwickshire",
  "264": "West Glamorgan",
  "265": "West Midlands",
  "266": "West Sussex",
  "267": "West Yorkshire",
  "268": "Wiltshire",
  "269": "Worcestershire",
  "27": "NV",
  "28": "NH",
  "2810e": "Lower Saxony",
  "29": "NJ",
  "30": "NM",
  "31": "NY",
  "32": "NC",
  "33": "ND",
  "34": "OH",
  "35": "OK",
  "36": "OR",
  "37": "PA",
  "38": "RI",
  "39": "SC",
  "40": "SD",
  "41": "TN",
  "42": "TX",
  "43": "UT",
  "44": "VT",
  "45": "VA",
  "46": "WA",
  "47": "WV",
  "48": "WI",
  "49": "WY",
  "52": "HI",
  "54": "AK",
  "58": "PR",
  "61": "GU",
  "63": "VI",
  "7B": "FR",
  "7X": "MP",
  "805": "Melbourne",
  "83": "AB",
  "84": "BC",
  "85": "MB",
  "86": "NB",
  "86da0": "Baden-Württemberg",
  "87": "NF",
  "88": "NT",
  "89": "NS",
  "8V": "AS",
  "90": "ON",
  "91": "PE",
  "91653": "Berlin",
  "92": "PQ",
  "93": "SK",
  "94": "YT",
  "95": "NU",
  "AG": "Agrigento",
  "AL_IT": "Alessandria",
  "AN": "Ancona",
  "AO": "Valle d'Aosta/Vallée d'Aoste",
  "AP": "Ascoli Piceno",
  "AQ": "L'Aquila",
  "AREZZ": "Arezzo",
  "ARF": "Armed Forces",
  "AR_IT": "Arezzo",
  "AS": "AS",
  "AT": "Asti",
  "AV": "Avellino",
  "AVONN": "Avon",
  "BA": "Bari",
  "BB": "Brandenburg",
  "BE": "Berlin",
  "BELLU": "Belluno",
  "BERKS": "Berkshire",
  "BG": "Bergamo",
  "BI": "Biella",
  "BL": "Belluno",
  "BN": "Benevento",
  "BO": "Bologna",
  "BOLOG": "Bologna",
  "BR": "Brindisi",
  "BRETA": "Bretagne",
  "BS": "Brescia",
  "BT": "Barletta-Andria-Trani",
  "BU": "Busan",
  "BW": "Baden-Württemberg",
  "BY": "Bayern",
  "BZ": "Bolzano",
  "CA_IT": "Cagliari",
  "CB": "Chungbuk",
  "CE": "Caserta",
  "CG": "Chungnam",
  "CH": "Chieti",
  "CI": "Carbonia-Iglesias",
  "CL": "Caltanissetta",
  "CN": "Cuneo",
  "CO_IT": "Como",
  "CR": "Cremona",
  "CS": "Cosenza",
  "CT_IT": "Catania",
  "CZ": "Catanzaro",
  "DA": "Daegu",
  "DJ": "Daejeon",
  "EN": "Enna",
  "ESSEX": "Essex",
  "FC": "Forlì-Cesena",
  "FE": "Ferrara",
  "FG": "Foggia",
  "FI": "Firenze",
  "FM": "Fermo",
  "FR": "Frosinone",
  "FR01": "1",
  "FR02": "2",
  "FR03": "3",
  "FR04": "4",
  "FR05": "5",
  "FR06": "6",
  "FR07": "7",
  "FR08": "8",
  "FR09": "9",
  "FR10": "10",
  "FR11": "11",
  "FR12": "12",
  "FR13": "13",
  "FR14": "14",
  "FR15": "15",
  "FR16": "16",
  "FR17": "17",
  "FR18": "18",
  "FR19": "19",
  "FR21": "21",
  "FR22": "22",
  "FR23": "23",
  "FR24": "24",
  "FR25": "25",
  "FR26": "26",
  "FR27": "27",
  "FR28": "28",
  "FR29": "29",
  "FR2A": "2A",
  "FR2B": "2B",
  "FR30": "30",
  "FR31": "31",
  "FR32": "32",
  "FR33": "33",
  "FR34": "34",
  "FR35": "35",
  "FR36": "36",
  "FR37": "37",
  "FR38": "38",
  "FR39": "39",
  "FR40": "40",
  "FR41": "41",
  "FR42": "42",
  "FR43": "43",
  "FR44": "44",
  "FR45": "45",
  "FR46": "46",
  "FR47": "47",
  "FR48": "48",
  "FR49": "49",
  "FR50": "50",
  "FR51": "51",
  "FR52": "52",
  "FR53": "53",
  "FR54": "54",
  "FR55": "55",
  "FR56": "56",
  "FR57": "57",
  "FR58": "58",
  "FR59": "59",
  "FR60": "60",
  "FR61": "61",
  "FR62": "62",
  "FR63": "63",
  "FR64": "64",
  "FR65": "65",
  "FR66": "66",
  "FR67": "67",
  "FR68": "68",
  "FR69": "69",
  "FR70": "70",
  "FR71": "71",
  "FR72": "72",
  "FR73": "73",
  "FR74": "74",
  "FR75": "75",
  "FR76": "76",
  "FR77": "77",
  "FR78": "78",
  "FR79": "79",
  "FR80": "80",
  "FR81": "81",
  "FR82": "82",
  "FR83": "83",
  "FR84": "84",
  "FR85": "85",
  "FR86": "86",
  "FR87": "87",
  "FR88": "88",
  "FR89": "89",
  "FR90": "90",
  "FR91": "91",
  "FR92": "92",
  "FR93": "93",
  "FR94": "94",
  "FR95": "95",
  "FRBL": "BL",
  "FRGF": "GF",
  "FRGP": "GP",
  "FRMF": "MF",
  "FRMQ": "MQ",
  "FRNC": "NC",
  "FRPF": "PF",
  "FRPM": "PM",
  "FRRE": "RE",
  "FRWF": "WF",
  "FRYT": "YT",
  "GA": "Gwangwon",
  "GB": "Gyeongbuk",
  "GE": "Genova",
  "GN": "Gyeongnam",
  "GO": "Gorizia",
  "GR": "Grosseto",
  "GU": "GU",
  "GW": "Gwangju",
  "GY": "Gyeonggi",
  "HB": "Bremen",
  "HE": "Hessen",
  "HH": "Hamburg",
  "ILEFR": "Île de France",
  "IM": "Imperia",
  "IN": "Incheon",
  "IS": "Isernia",
  "JB": "Jeonbuk",
  "JJ": "Jeju",
  "JN": "Jeonnam",
  "KENTT": "Kent",
  "KR": "Crotone",
  "LC": "Lecco",
  "LE": "Lecce",
  "LI": "Livorno",
  "LIMOU": "Limousin",
  "LO": "Harrow on the Hill",
  "LO_IT": "Lodi",
  "LT": "Latina",
  "LU": "Lucca",
  "MB": "Monza e della Brianza",
  "MC": "Macerata",
  "ME_IT": "Messina",
  "MH": "MH",
  "MILAN": "Milano",
  "MI_IT": "Milano",
  "MN_IT": "Mantova",
  "MO_IT": "Modena",
  "MP": "MP",
  "MS_IT": "Massa-Carrara",
  "MT_IT": "Matera",
  "MV": "Mecklenburg-Vorpommern",
  "NA": "Napoli",
  "NI": "Niedersachsen",
  "NO": "Novara",
  "NORMAN": "Normandy",
  "NU": "Nuoro",
  "NW": "Nordrhein-Westfalen",
  "OG": "Ogliastra",
  "OR_IT": "Oristano",
  "OT": "Olbia-Tempio",
  "OXFOR": "Oxfordshire",
  "PA_IT": "Palermo",
  "PC": "Piacenza",
  "PD": "Padova",
  "PE": "Pescara",
  "PG": "Perugia",
  "PI": "Pisa",
  "PL": "Pola",
  "PN": "Pordenone",
  "PO": "Prato",
  "PR": "Parma",
  "PT": "Pistoia",
  "PU": "Pesaro e Urbino",
  "PV": "Pavia",
  "PW": "PW",
  "PZ": "Potenza",
  "RA": "Ravenna",
  "RC": "Reggio di Calabria",
  "RE": "Reggio nell'Emilia",
  "RG": "Ragusa",
  "RI_IT": "Rieti",
  "RM": "Roma",
  "RN": "Rimini",
  "RO": "Rovigo",
  "ROMAA": "Roma",
  "RP": "Rheinland-Pfalz",
  "RSM": "Repubblica San Marino",
  "SA": "Salerno",
  "SCV": "Santa Citta Del Vaticano",
  "SE": "Seoul",
  "SH": "Schleswig-Holstein",
  "SI": "Siena",
  "SL": "Saarland",
  "SN": "Sachsen",
  "SO": "Sondrio",
  "SP": "La Spezia",
  "SR": "Siracusa",
  "SS": "Sassari",
  "ST": "Sachsen-Anhalt",
  "SU_IT": "South Sardinia",
  "SV": "Savona",
  "TA": "Taranto",
  "TE": "Teramo",
  "TH": "Thüringen",
  "TN_IT": "Trento",
  "TO": "Torino",
  "TOULO": "Toulouse",
  "TP": "Trapani",
  "TR": "Terni",
  "TS": "Trieste",
  "TV": "Treviso",
  "UD": "Udine",
  "UL": "Ulsan",
  "US-PR": "US-PR",
  "US-VI": "US-VI",
  "VA_IT": "Varese",
  "VB": "Verbano-Cusio-Ossola",
  "VC": "Vercelli",
  "VE": "Venezia",
  "VI": "Vicenza",
  "VR": "Verona",
  "VS": "Medio Campidano",
  "VT_IT": "Viterbo",
  "VV": "Vibo Valentia",
  "ZA": "Zara",
  "bb78d": "Bremen",
  "c0e35": "Saxony",
  "d0480": "Brandenburg",
  "d98f1": "Saarland",
  "ec689": "Hesse",
  "ed01e": "Hamburg",
  "f4fc4": "North Rhine-Westphalia"
}